u,b,h,d,P
0,0,1,1,0.428571
0,0,1,2,0.183673
0,0,2,2,0.183673
0,0,1,3,0.078717
0,0,2,3,0.078717
0,0,3,3,0.078717
0,0,1,4,0.033736
0,0,2,4,0.033736
0,0,3,4,0.033736
0,0,4,4,0.033736
0,1,1,1,0.428571
0,1,1,2,0.183673
0,1,2,2,0.183673
0,1,1,3,0.078717
0,1,2,3,0.078717
0,1,3,3,0.078717
0,1,1,4,0.033736
0,1,2,4,0.033736
0,1,3,4,0.033736
0,1,4,4,0.033736
0,2,1,1,0.428571
0,2,1,2,0.183673
0,2,2,2,0.183673
0,2,1,3,0.078717
0,2,2,3,0.078717
0,2,3,3,0.078717
0,2,1,4,0.033736
0,2,2,4,0.033736
0,2,3,4,0.033736
0,2,4,4,0.033736
0,3,1,1,0.428571
0,3,1,2,0.183673
0,3,2,2,0.183673
0,3,1,3,0.078717
0,3,2,3,0.078717
0,3,3,3,0.078717
0,3,1,4,0.033736
0,3,2,4,0.033736
0,3,3,4,0.033736
0,3,4,4,0.033736
1,0,1,1,0.428571
1,0,1,2,0.183673
1,0,2,2,0.183673
1,0,1,3,0.078717
1,0,2,3,0.078717
1,0,3,3,0.078717
1,0,1,4,0.033736
1,0,2,4,0.033736
1,0,3,4,0.033736
1,0,4,4,0.033736
1,1,1,1,0.428571
1,1,1,2,0.183673
1,1,2,2,0.183673
1,1,1,3,0.078717
1,1,2,3,0.078717
1,1,3,3,0.078717
1,1,1,4,0.033736
1,1,2,4,0.033736
1,1,3,4,0.033736
1,1,4,4,0.033736
1,2,1,1,0.428571
1,2,1,2,0.183673
1,2,2,2,0.183673
1,2,1,3,0.078717
1,2,2,3,0.078717
1,2,3,3,0.078717
1,2,1,4,0.033736
1,2,2,4,0.033736
1,2,3,4,0.033736
1,2,4,4,0.033736
1,3,1,1,0.428571
1,3,1,2,0.183673
1,3,2,2,0.183673
1,3,1,3,0.078717
1,3,2,3,0.078717
1,3,3,3,0.078717
1,3,1,4,0.033736
1,3,2,4,0.033736
1,3,3,4,0.033736
1,3,4,4,0.033736
2,0,1,1,0.428571
2,0,1,2,0.183673
2,0,2,2,0.183673
2,0,1,3,0.078717
2,0,2,3,0.078717
2,0,3,3,0.078717
2,0,1,4,0.033736
2,0,2,4,0.033736
2,0,3,4,0.033736
2,0,4,4,0.033736
2,1,1,1,0.428571
2,1,1,2,0.183673
2,1,2,2,0.183673
2,1,1,3,0.078717
2,1,2,3,0.078717
2,1,3,3,0.078717
2,1,1,4,0.033736
2,1,2,4,0.033736
2,1,3,4,0.033736
2,1,4,4,0.033736
2,2,1,1,0.428571
2,2,1,2,0.183673
2,2,2,2,0.183673
2,2,1,3,0.078717
2,2,2,3,0.078717
2,2,3,3,0.078717
2,2,1,4,0.033736
2,2,2,4,0.033736
2,2,3,4,0.033736
2,2,4,4,0.033736
2,3,1,1,0.428571
2,3,1,2,0.183673
2,3,2,2,0.183673
2,3,1,3,0.078717
2,3,2,3,0.078717
2,3,3,3,0.078717
2,3,1,4,0.033736
2,3,2,4,0.033736
2,3,3,4,0.033736
2,3,4,4,0.033736
3,0,1,1,0.428571
3,0,1,2,0.183673
3,0,2,2,0.183673
3,0,1,3,0.078717
3,0,2,3,0.078717
3,0,3,3,0.078717
3,0,1,4,0.033736
3,0,2,4,0.033736
3,0,3,4,0.033736
3,0,4,4,0.033736
3,1,1,1,0.428571
3,1,1,2,0.183673
3,1,2,2,0.183673
3,1,1,3,0.078717
3,1,2,3,0.078717
3,1,3,3,0.078717
3,1,1,4,0.033736
3,1,2,4,0.033736
3,1,3,4,0.033736
3,1,4,4,0.033736
3,2,1,1,0.428571
3,2,1,2,0.183673
3,2,2,2,0.183673
3,2,1,3,0.078717
3,2,2,3,0.078717
3,2,3,3,0.078717
3,2,1,4,0.033736
3,2,2,4,0.033736
3,2,3,4,0.033736
3,2,4,4,0.033736
3,3,1,1,0.428571
3,3,1,2,0.183673
3,3,2,2,0.183673
3,3,1,3,0.078717
3,3,2,3,0.078717
3,3,3,3,0.078717
3,3,1,4,0.033736
3,3,2,4,0.033736
3,3,3,4,0.033736
3,3,4,4,0.033736
4,0,1,1,0.428571
4,0,1,2,0.183673
4,0,2,2,0.183673
4,0,1,3,0.078717
4,0,2,3,0.078717
4,0,3,3,0.078717
4,0,1,4,0.033736
4,0,2,4,0.033736
4,0,3,4,0.033736
4,0,4,4,0.033736
4,1,1,1,0.428571
4,1,1,2,0.183673
4,1,2,2,0.183673
4,1,1,3,0.078717
4,1,2,3,0.078717
4,1,3,3,0.078717
4,1,1,4,0.033736
4,1,2,4,0.033736
4,1,3,4,0.033736
4,1,4,4,0.033736
4,2,1,1,0.428571
4,2,1,2,0.183673
4,2,2,2,0.183673
4,2,1,3,0.078717
4,2,2,3,0.078717
4,2,3,3,0.078717
4,2,1,4,0.033736
4,2,2,4,0.033736
4,2,3,4,0.033736
4,2,4,4,0.033736
4,3,1,1,0.428571
4,3,1,2,0.183673
4,3,2,2,0.183673
4,3,1,3,0.078717
4,3,2,3,0.078717
4,3,3,3,0.078717
4,3,1,4,0.033736
4,3,2,4,0.033736
4,3,3,4,0.033736
4,3,4,4,0.033736
5,0,1,1,0.428571
5,0,1,2,0.183673
5,0,2,2,0.183673
5,0,1,3,0.078717
5,0,2,3,0.078717
5,0,3,3,0.078717
5,0,1,4,0.033736
5,0,2,4,0.033736
5,0,3,4,0.033736
5,0,4,4,0.033736
5,1,1,1,0.428571
5,1,1,2,0.183673
5,1,2,2,0.183673
5,1,1,3,0.078717
5,1,2,3,0.078717
5,1,3,3,0.078717
5,1,1,4,0.033736
5,1,2,4,0.033736
5,1,3,4,0.033736
5,1,4,4,0.033736
5,2,1,1,0.428571
5,2,1,2,0.183673
5,2,2,2,0.183673
5,2,1,3,0.078717
5,2,2,3,0.078717
5,2,3,3,0.078717
5,2,1,4,0.033736
5,2,2,4,0.033736
5,2,3,4,0.033736
5,2,4,4,0.033736
5,3,1,1,0.428571
5,3,1,2,0.183673
5,3,2,2,0.183673
5,3,1,3,0.078717
5,3,2,3,0.078717
5,3,3,3,0.078717
5,3,1,4,0.033736
5,3,2,4,0.033736
5,3,3,4,0.033736
5,3,4,4,0.033736
6,0,1,1,0.428571
6,0,1,2,0.183673
6,0,2,2,0.183673
6,0,1,3,0.078717
6,0,2,3,0.078717
6,0,3,3,0.078717
6,0,1,4,0.033736
6,0,2,4,0.033736
6,0,3,4,0.033736
6,0,4,4,0.033736
6,1,1,1,0.428571
6,1,1,2,0.183673
6,1,2,2,0.183673
6,1,1,3,0.078717
6,1,2,3,0.078717
6,1,3,3,0.078717
6,1,1,4,0.033736
6,1,2,4,0.033736
6,1,3,4,0.033736
6,1,4,4,0.033736
6,2,1,1,0.428571
6,2,1,2,0.183673
6,2,2,2,0.183673
6,2,1,3,0.078717
6,2,2,3,0.078717
6,2,3,3,0.078717
6,2,1,4,0.033736
6,2,2,4,0.033736
6,2,3,4,0.033736
6,2,4,4,0.033736
6,3,1,1,0.428571
6,3,1,2,0.183673
6,3,2,2,0.183673
6,3,1,3,0.078717
6,3,2,3,0.078717
6,3,3,3,0.078717
6,3,1,4,0.033736
6,3,2,4,0.033736
6,3,3,4,0.033736
6,3,4,4,0.033736
7,0,1,1,0.428571
7,0,1,2,0.183673
7,0,2,2,0.183673
7,0,1,3,0.078717
7,0,2,3,0.078717
7,0,3,3,0.078717
7,0,1,4,0.033736
7,0,2,4,0.033736
7,0,3,4,0.033736
7,0,4,4,0.033736
7,1,1,1,0.428571
7,1,1,2,0.183673
7,1,2,2,0.183673
7,1,1,3,0.078717
7,1,2,3,0.078717
7,1,3,3,0.078717
7,1,1,4,0.033736
7,1,2,4,0.033736
7,1,3,4,0.033736
7,1,4,4,0.033736
7,2,1,1,0.428571
7,2,1,2,0.183673
7,2,2,2,0.183673
7,2,1,3,0.078717
7,2,2,3,0.078717
7,2,3,3,0.078717
7,2,1,4,0.033736
7,2,2,4,0.033736
7,2,3,4,0.033736
7,2,4,4,0.033736
7,3,1,1,0.428571
7,3,1,2,0.183673
7,3,2,2,0.183673
7,3,1,3,0.078717
7,3,2,3,0.078717
7,3,3,3,0.078717
7,3,1,4,0.033736
7,3,2,4,0.033736
7,3,3,4,0.033736
7,3,4,4,0.033736
8,0,1,1,0.428571
8,0,1,2,0.183673
8,0,2,2,0.183673
8,0,1,3,0.078717
8,0,2,3,0.078717
8,0,3,3,0.078717
8,0,1,4,0.033736
8,0,2,4,0.033736
8,0,3,4,0.033736
8,0,4,4,0.033736
8,1,1,1,0.428571
8,1,1,2,0.183673
8,1,2,2,0.183673
8,1,1,3,0.078717
8,1,2,3,0.078717
8,1,3,3,0.078717
8,1,1,4,0.033736
8,1,2,4,0.033736
8,1,3,4,0.033736
8,1,4,4,0.033736
8,2,1,1,0.428571
8,2,1,2,0.183673
8,2,2,2,0.183673
8,2,1,3,0.078717
8,2,2,3,0.078717
8,2,3,3,0.078717
8,2,1,4,0.033736
8,2,2,4,0.033736
8,2,3,4,0.033736
8,2,4,4,0.033736
8,3,1,1,0.428571
8,3,1,2,0.183673
8,3,2,2,0.183673
8,3,1,3,0.078717
8,3,2,3,0.078717
8,3,3,3,0.078717
8,3,1,4,0.033736
8,3,2,4,0.033736
8,3,3,4,0.033736
8,3,4,4,0.033736
9,0,1,1,0.428571
9,0,1,2,0.183673
9,0,2,2,0.183673
9,0,1,3,0.078717
9,0,2,3,0.078717
9,0,3,3,0.078717
9,0,1,4,0.033736
9,0,2,4,0.033736
9,0,3,4,0.033736
9,0,4,4,0.033736
9,1,1,1,0.428571
9,1,1,2,0.183673
9,1,2,2,0.183673
9,1,1,3,0.078717
9,1,2,3,0.078717
9,1,3,3,0.078717
9,1,1,4,0.033736
9,1,2,4,0.033736
9,1,3,4,0.033736
9,1,4,4,0.033736
9,2,1,1,0.428571
9,2,1,2,0.183673
9,2,2,2,0.183673
9,2,1,3,0.078717
9,2,2,3,0.078717
9,2,3,3,0.078717
9,2,1,4,0.033736
9,2,2,4,0.033736
9,2,3,4,0.033736
9,2,4,4,0.033736
9,3,1,1,0.428571
9,3,1,2,0.183673
9,3,2,2,0.183673
9,3,1,3,0.078717
9,3,2,3,0.078717
9,3,3,3,0.078717
9,3,1,4,0.033736
9,3,2,4,0.033736
9,3,3,4,0.033736
9,3,4,4,0.033736
10,0,1,1,0.428571
10,0,1,2,0.183673
10,0,2,2,0.183673
10,0,1,3,0.078717
10,0,2,3,0.078717
10,0,3,3,0.078717
10,0,1,4,0.033736
10,0,2,4,0.033736
10,0,3,4,0.033736
10,0,4,4,0.033736
10,1,1,1,0.428571
10,1,1,2,0.183673
10,1,2,2,0.183673
10,1,1,3,0.078717
10,1,2,3,0.078717
10,1,3,3,0.078717
10,1,1,4,0.033736
10,1,2,4,0.033736
10,1,3,4,0.033736
10,1,4,4,0.033736
10,2,1,1,0.428571
10,2,1,2,0.183673
10,2,2,2,0.183673
10,2,1,3,0.078717
10,2,2,3,0.078717
10,2,3,3,0.078717
10,2,1,4,0.033736
10,2,2,4,0.033736
10,2,3,4,0.033736
10,2,4,4,0.033736
10,3,1,1,0.428571
10,3,1,2,0.183673
10,3,2,2,0.183673
10,3,1,3,0.078717
10,3,2,3,0.078717
10,3,3,3,0.078717
10,3,1,4,0.033736
10,3,2,4,0.033736
10,3,3,4,0.033736
10,3,4,4,0.033736
11,0,1,1,0.428571
11,0,1,2,0.183673
11,0,2,2,0.183673
11,0,1,3,0.078717
11,0,2,3,0.078717
11,0,3,3,0.078717
11,0,1,4,0.033736
11,0,2,4,0.033736
11,0,3,4,0.033736
11,0,4,4,0.033736
11,1,1,1,0.428571
11,1,1,2,0.183673
11,1,2,2,0.183673
11,1,1,3,0.078717
11,1,2,3,0.078717
11,1,3,3,0.078717
11,1,1,4,0.033736
11,1,2,4,0.033736
11,1,3,4,0.033736
11,1,4,4,0.033736
11,2,1,1,0.428571
11,2,1,2,0.183673
11,2,2,2,0.183673
11,2,1,3,0.078717
11,2,2,3,0.078717
11,2,3,3,0.078717
11,2,1,4,0.033736
11,2,2,4,0.033736
11,2,3,4,0.033736
11,2,4,4,0.033736
11,3,1,1,0.428571
11,3,1,2,0.183673
11,3,2,2,0.183673
11,3,1,3,0.078717
11,3,2,3,0.078717
11,3,3,3,0.078717
11,3,1,4,0.033736
11,3,2,4,0.033736
11,3,3,4,0.033736
11,3,4,4,0.033736
12,0,1,1,0.428571
12,0,1,2,0.183673
12,0,2,2,0.183673
12,0,1,3,0.078717
12,0,2,3,0.078717
12,0,3,3,0.078717
12,0,1,4,0.033736
12,0,2,4,0.033736
12,0,3,4,0.033736
12,0,4,4,0.033736
12,1,1,1,0.428571
12,1,1,2,0.183673
12,1,2,2,0.183673
12,1,1,3,0.078717
12,1,2,3,0.078717
12,1,3,3,0.078717
12,1,1,4,0.033736
12,1,2,4,0.033736
12,1,3,4,0.033736
12,1,4,4,0.033736
12,2,1,1,0.428571
12,2,1,2,0.183673
12,2,2,2,0.183673
12,2,1,3,0.078717
12,2,2,3,0.078717
12,2,3,3,0.078717
12,2,1,4,0.033736
12,2,2,4,0.033736
12,2,3,4,0.033736
12,2,4,4,0.033736
12,3,1,1,0.428571
12,3,1,2,0.183673
12,3,2,2,0.183673
12,3,1,3,0.078717
12,3,2,3,0.078717
12,3,3,3,0.078717
12,3,1,4,0.033736
12,3,2,4,0.033736
12,3,3,4,0.033736
12,3,4,4,0.033736
13,0,1,1,0.428571
13,0,1,2,0.183673
13,0,2,2,0.183673
13,0,1,3,0.078717
13,0,2,3,0.078717
13,0,3,3,0.078717
13,0,1,4,0.033736
13,0,2,4,0.033736
13,0,3,4,0.033736
13,0,4,4,0.033736
13,1,1,1,0.428571
13,1,1,2,0.183673
13,1,2,2,0.183673
13,1,1,3,0.078717
13,1,2,3,0.078717
13,1,3,3,0.078717
13,1,1,4,0.033736
13,1,2,4,0.033736
13,1,3,4,0.033736
13,1,4,4,0.033736
13,2,1,1,0.428571
13,2,1,2,0.183673
13,2,2,2,0.183673
13,2,1,3,0.078717
13,2,2,3,0.078717
13,2,3,3,0.078717
13,2,1,4,0.033736
13,2,2,4,0.033736
13,2,3,4,0.033736
13,2,4,4,0.033736
13,3,1,1,0.428571
13,3,1,2,0.183673
13,3,2,2,0.183673
13,3,1,3,0.078717
13,3,2,3,0.078717
13,3,3,3,0.078717
13,3,1,4,0.033736
13,3,2,4,0.033736
13,3,3,4,0.033736
13,3,4,4,0.033736
14,0,1,1,0.428571
14,0,1,2,0.183673
14,0,2,2,0.183673
14,0,1,3,0.078717
14,0,2,3,0.078717
14,0,3,3,0.078717
14,0,1,4,0.033736
14,0,2,4,0.033736
14,0,3,4,0.033736
14,0,4,4,0.033736
14,1,1,1,0.428571
14,1,1,2,0.183673
14,1,2,2,0.183673
14,1,1,3,0.078717
14,1,2,3,0.078717
14,1,3,3,0.078717
14,1,1,4,0.033736
14,1,2,4,0.033736
14,1,3,4,0.033736
14,1,4,4,0.033736
14,2,1,1,0.428571
14,2,1,2,0.183673
14,2,2,2,0.183673
14,2,1,3,0.078717
14,2,2,3,0.078717
14,2,3,3,0.078717
14,2,1,4,0.033736
14,2,2,4,0.033736
14,2,3,4,0.033736
14,2,4,4,0.033736
14,3,1,1,0.428571
14,3,1,2,0.183673
14,3,2,2,0.183673
14,3,1,3,0.078717
14,3,2,3,0.078717
14,3,3,3,0.078717
14,3,1,4,0.033736
14,3,2,4,0.033736
14,3,3,4,0.033736
14,3,4,4,0.033736
15,0,1,1,0.428571
15,0,1,2,0.183673
15,0,2,2,0.183673
15,0,1,3,0.078717
15,0,2,3,0.078717
15,0,3,3,0.078717
15,0,1,4,0.033736
15,0,2,4,0.033736
15,0,3,4,0.033736
15,0,4,4,0.033736
15,1,1,1,0.428571
15,1,1,2,0.183673
15,1,2,2,0.183673
15,1,1,3,0.078717
15,1,2,3,0.078717
15,1,3,3,0.078717
15,1,1,4,0.033736
15,1,2,4,0.033736
15,1,3,4,0.033736
15,1,4,4,0.033736
15,2,1,1,0.428571
15,2,1,2,0.183673
15,2,2,2,0.183673
15,2,1,3,0.078717
15,2,2,3,0.078717
15,2,3,3,0.078717
15,2,1,4,0.033736
15,2,2,4,0.033736
15,2,3,4,0.033736
15,2,4,4,0.033736
15,3,1,1,0.428571
15,3,1,2,0.183673
15,3,2,2,0.183673
15,3,1,3,0.078717
15,3,2,3,0.078717
15,3,3,3,0.078717
15,3,1,4,0.033736
15,3,2,4,0.033736
15,3,3,4,0.033736
15,3,4,4,0.033736
16,0,1,1,0.428571
16,0,1,2,0.183673
16,0,2,2,0.183673
16,0,1,3,0.078717
16,0,2,3,0.078717
16,0,3,3,0.078717
16,0,1,4,0.033736
16,0,2,4,0.033736
16,0,3,4,0.033736
16,0,4,4,0.033736
16,1,1,1,0.428571
16,1,1,2,0.183673
16,1,2,2,0.183673
16,1,1,3,0.078717
16,1,2,3,0.078717
16,1,3,3,0.078717
16,1,1,4,0.033736
16,1,2,4,0.033736
16,1,3,4,0.033736
16,1,4,4,0.033736
16,2,1,1,0.428571
16,2,1,2,0.183673
16,2,2,2,0.183673
16,2,1,3,0.078717
16,2,2,3,0.078717
16,2,3,3,0.078717
16,2,1,4,0.033736
16,2,2,4,0.033736
16,2,3,4,0.033736
16,2,4,4,0.033736
16,3,1,1,0.428571
16,3,1,2,0.183673
16,3,2,2,0.183673
16,3,1,3,0.078717
16,3,2,3,0.078717
16,3,3,3,0.078717
16,3,1,4,0.033736
16,3,2,4,0.033736
16,3,3,4,0.033736
16,3,4,4,0.033736
17,0,1,1,0.428571
17,0,1,2,0.183673
17,0,2,2,0.183673
17,0,1,3,0.078717
17,0,2,3,0.078717
17,0,3,3,0.078717
17,0,1,4,0.033736
17,0,2,4,0.033736
17,0,3,4,0.033736
17,0,4,4,0.033736
17,1,1,1,0.428571
17,1,1,2,0.183673
17,1,2,2,0.183673
17,1,1,3,0.078717
17,1,2,3,0.078717
17,1,3,3,0.078717
17,1,1,4,0.033736
17,1,2,4,0.033736
17,1,3,4,0.033736
17,1,4,4,0.033736
17,2,1,1,0.428571
17,2,1,2,0.183673
17,2,2,2,0.183673
17,2,1,3,0.078717
17,2,2,3,0.078717
17,2,3,3,0.078717
17,2,1,4,0.033736
17,2,2,4,0.033736
17,2,3,4,0.033736
17,2,4,4,0.033736
17,3,1,1,0.428571
17,3,1,2,0.183673
17,3,2,2,0.183673
17,3,1,3,0.078717
17,3,2,3,0.078717
17,3,3,3,0.078717
17,3,1,4,0.033736
17,3,2,4,0.033736
17,3,3,4,0.033736
17,3,4,4,0.033736
18,0,1,1,0.428571
18,0,1,2,0.183673
18,0,2,2,0.183673
18,0,1,3,0.078717
18,0,2,3,0.078717
18,0,3,3,0.078717
18,0,1,4,0.033736
18,0,2,4,0.033736
18,0,3,4,0.033736
18,0,4,4,0.033736
18,1,1,1,0.428571
18,1,1,2,0.183673
18,1,2,2,0.183673
18,1,1,3,0.078717
18,1,2,3,0.078717
18,1,3,3,0.078717
18,1,1,4,0.033736
18,1,2,4,0.033736
18,1,3,4,0.033736
18,1,4,4,0.033736
18,2,1,1,0.428571
18,2,1,2,0.183673
18,2,2,2,0.183673
18,2,1,3,0.078717
18,2,2,3,0.078717
18,2,3,3,0.078717
18,2,1,4,0.033736
18,2,2,4,0.033736
18,2,3,4,0.033736
18,2,4,4,0.033736
18,3,1,1,0.428571
18,3,1,2,0.183673
18,3,2,2,0.183673
18,3,1,3,0.078717
18,3,2,3,0.078717
18,3,3,3,0.078717
18,3,1,4,0.033736
18,3,2,4,0.033736
18,3,3,4,0.033736
18,3,4,4,0.033736
19,0,1,1,0.428571
19,0,1,2,0.183673
19,0,2,2,0.183673
19,0,1,3,0.078717
19,0,2,3,0.078717
19,0,3,3,0.078717
19,0,1,4,0.033736
19,0,2,4,0.033736
19,0,3,4,0.033736
19,0,4,4,0.033736
19,1,1,1,0.428571
19,1,1,2,0.183673
19,1,2,2,0.183673
19,1,1,3,0.078717
19,1,2,3,0.078717
19,1,3,3,0.078717
19,1,1,4,0.033736
19,1,2,4,0.033736
19,1,3,4,0.033736
19,1,4,4,0.033736
19,2,1,1,0.428571
19,2,1,2,0.183673
19,2,2,2,0.183673
19,2,1,3,0.078717
19,2,2,3,0.078717
19,2,3,3,0.078717
19,2,1,4,0.033736
19,2,2,4,0.033736
19,2,3,4,0.033736
19,2,4,4,0.033736
19,3,1,1,0.428571
19,3,1,2,0.183673
19,3,2,2,0.183673
19,3,1,3,0.078717
19,3,2,3,0.078717
19,3,3,3,0.078717
19,3,1,4,0.033736
19,3,2,4,0.033736
19,3,3,4,0.033736
19,3,4,4,0.033736
20,0,1,1,0.428571
20,0,1,2,0.183673
20,0,2,2,0.183673
20,0,1,3,0.078717
20,0,2,3,0.078717
20,0,3,3,0.078717
20,0,1,4,0.033736
20,0,2,4,0.033736
20,0,3,4,0.033736
20,0,4,4,0.033736
20,1,1,1,0.428571
20,1,1,2,0.183673
20,1,2,2,0.183673
20,1,1,3,0.078717
20,1,2,3,0.078717
20,1,3,3,0.078717
20,1,1,4,0.033736
20,1,2,4,0.033736
20,1,3,4,0.033736
20,1,4,4,0.033736
20,2,1,1,0.428571
20,2,1,2,0.183673
20,2,2,2,0.183673
20,2,1,3,0.078717
20,2,2,3,0.078717
20,2,3,3,0.078717
20,2,1,4,0.033736
20,2,2,4,0.033736
20,2,3,4,0.033736
20,2,4,4,0.033736
20,3,1,1,0.428571
20,3,1,2,0.183673
20,3,2,2,0.183673
20,3,1,3,0.078717
20,3,2,3,0.078717
20,3,3,3,0.078717
20,3,1,4,0.033736
20,3,2,4,0.033736
20,3,3,4,0.033736
20,3,4,4,0.033736
21,0,1,1,0.428571
21,0,1,2,0.183673
21,0,2,2,0.183673
21,0,1,3,0.078717
21,0,2,3,0.078717
21,0,3,3,0.078717
21,0,1,4,0.033736
21,0,2,4,0.033736
21,0,3,4,0.033736
21,0,4,4,0.033736
21,1,1,1,0.428571
21,1,1,2,0.183673
21,1,2,2,0.183673
21,1,1,3,0.078717
21,1,2,3,0.078717
21,1,3,3,0.078717
21,1,1,4,0.033736
21,1,2,4,0.033736
21,1,3,4,0.033736
21,1,4,4,0.033736
21,2,1,1,0.428571
21,2,1,2,0.183673
21,2,2,2,0.183673
21,2,1,3,0.078717
21,2,2,3,0.078717
21,2,3,3,0.078717
21,2,1,4,0.033736
21,2,2,4,0.033736
21,2,3,4,0.033736
21,2,4,4,0.033736
21,3,1,1,0.428571
21,3,1,2,0.183673
21,3,2,2,0.183673
21,3,1,3,0.078717
21,3,2,3,0.078717
21,3,3,3,0.078717
21,3,1,4,0.033736
21,3,2,4,0.033736
21,3,3,4,0.033736
21,3,4,4,0.033736
22,0,1,1,0.428571
22,0,1,2,0.183673
22,0,2,2,0.183673
22,0,1,3,0.078717
22,0,2,3,0.078717
22,0,3,3,0.078717
22,0,1,4,0.033736
22,0,2,4,0.033736
22,0,3,4,0.033736
22,0,4,4,0.033736
22,1,1,1,0.428571
22,1,1,2,0.183673
22,1,2,2,0.183673
22,1,1,3,0.078717
22,1,2,3,0.078717
22,1,3,3,0.078717
22,1,1,4,0.033736
22,1,2,4,0.033736
22,1,3,4,0.033736
22,1,4,4,0.033736
22,2,1,1,0.428571
22,2,1,2,0.183673
22,2,2,2,0.183673
22,2,1,3,0.078717
22,2,2,3,0.078717
22,2,3,3,0.078717
22,2,1,4,0.033736
22,2,2,4,0.033736
22,2,3,4,0.033736
22,2,4,4,0.033736
22,3,1,1,0.428571
22,3,1,2,0.183673
22,3,2,2,0.183673
22,3,1,3,0.078717
22,3,2,3,0.078717
22,3,3,3,0.078717
22,3,1,4,0.033736
22,3,2,4,0.033736
22,3,3,4,0.033736
22,3,4,4,0.033736
23,0,1,1,0.428571
23,0,1,2,0.183673
23,0,2,2,0.183673
23,0,1,3,0.078717
23,0,2,3,0.078717
23,0,3,3,0.078717
23,0,1,4,0.033736
23,0,2,4,0.033736
23,0,3,4,0.033736
23,0,4,4,0.033736
23,1,1,1,0.428571
23,1,1,2,0.183673
23,1,2,2,0.183673
23,1,1,3,0.078717
23,1,2,3,0.078717
23,1,3,3,0.078717
23,1,1,4,0.033736
23,1,2,4,0.033736
23,1,3,4,0.033736
23,1,4,4,0.033736
23,2,1,1,0.428571
23,2,1,2,0.183673
23,2,2,2,0.183673
23,2,1,3,0.078717
23,2,2,3,0.078717
23,2,3,3,0.078717
23,2,1,4,0.033736
23,2,2,4,0.033736
23,2,3,4,0.033736
23,2,4,4,0.033736
23,3,1,1,0.428571
23,3,1,2,0.183673
23,3,2,2,0.183673
23,3,1,3,0.078717
23,3,2,3,0.078717
23,3,3,3,0.078717
23,3,1,4,0.033736
23,3,2,4,0.033736
23,3,3,4,0.033736
23,3,4,4,0.033736
24,0,1,1,0.428571
24,0,1,2,0.183673
24,0,2,2,0.183673
24,0,1,3,0.078717
24,0,2,3,0.078717
24,0,3,3,0.078717
24,0,1,4,0.033736
24,0,2,4,0.033736
24,0,3,4,0.033736
24,0,4,4,0.033736
24,1,1,1,0.428571
24,1,1,2,0.183673
24,1,2,2,0.183673
24,1,1,3,0.078717
24,1,2,3,0.078717
24,1,3,3,0.078717
24,1,1,4,0.033736
24,1,2,4,0.033736
24,1,3,4,0.033736
24,1,4,4,0.033736
24,2,1,1,0.428571
24,2,1,2,0.183673
24,2,2,2,0.183673
24,2,1,3,0.078717
24,2,2,3,0.078717
24,2,3,3,0.078717
24,2,1,4,0.033736
24,2,2,4,0.033736
24,2,3,4,0.033736
24,2,4,4,0.033736
24,3,1,1,0.428571
24,3,1,2,0.183673
24,3,2,2,0.183673
24,3,1,3,0.078717
24,3,2,3,0.078717
24,3,3,3,0.078717
24,3,1,4,0.033736
24,3,2,4,0.033736
24,3,3,4,0.033736
24,3,4,4,0.033736
25,0,1,1,0.428571
25,0,1,2,0.183673
25,0,2,2,0.183673
25,0,1,3,0.078717
25,0,2,3,0.078717
25,0,3,3,0.078717
25,0,1,4,0.033736
25,0,2,4,0.033736
25,0,3,4,0.033736
25,0,4,4,0.033736
25,1,1,1,0.428571
25,1,1,2,0.183673
25,1,2,2,0.183673
25,1,1,3,0.078717
25,1,2,3,0.078717
25,1,3,3,0.078717
25,1,1,4,0.033736
25,1,2,4,0.033736
25,1,3,4,0.033736
25,1,4,4,0.033736
25,2,1,1,0.428571
25,2,1,2,0.183673
25,2,2,2,0.183673
25,2,1,3,0.078717
25,2,2,3,0.078717
25,2,3,3,0.078717
25,2,1,4,0.033736
25,2,2,4,0.033736
25,2,3,4,0.033736
25,2,4,4,0.033736
25,3,1,1,0.428571
25,3,1,2,0.183673
25,3,2,2,0.183673
25,3,1,3,0.078717
25,3,2,3,0.078717
25,3,3,3,0.078717
25,3,1,4,0.033736
25,3,2,4,0.033736
25,3,3,4,0.033736
25,3,4,4,0.033736
26,0,1,1,0.428571
26,0,1,2,0.183673
26,0,2,2,0.183673
26,0,1,3,0.078717
26,0,2,3,0.078717
26,0,3,3,0.078717
26,0,1,4,0.033736
26,0,2,4,0.033736
26,0,3,4,0.033736
26,0,4,4,0.033736
26,1,1,1,0.428571
26,1,1,2,0.183673
26,1,2,2,0.183673
26,1,1,3,0.078717
26,1,2,3,0.078717
26,1,3,3,0.078717
26,1,1,4,0.033736
26,1,2,4,0.033736
26,1,3,4,0.033736
26,1,4,4,0.033736
26,2,1,1,0.428571
26,2,1,2,0.183673
26,2,2,2,0.183673
26,2,1,3,0.078717
26,2,2,3,0.078717
26,2,3,3,0.078717
26,2,1,4,0.033736
26,2,2,4,0.033736
26,2,3,4,0.033736
26,2,4,4,0.033736
26,3,1,1,0.428571
26,3,1,2,0.183673
26,3,2,2,0.183673
26,3,1,3,0.078717
26,3,2,3,0.078717
26,3,3,3,0.078717
26,3,1,4,0.033736
26,3,2,4,0.033736
26,3,3,4,0.033736
26,3,4,4,0.033736
27,0,1,1,0.428571
27,0,1,2,0.183673
27,0,2,2,0.183673
27,0,1,3,0.078717
27,0,2,3,0.078717
27,0,3,3,0.078717
27,0,1,4,0.033736
27,0,2,4,0.033736
27,0,3,4,0.033736
27,0,4,4,0.033736
27,1,1,1,0.428571
27,1,1,2,0.183673
27,1,2,2,0.183673
27,1,1,3,0.078717
27,1,2,3,0.078717
27,1,3,3,0.078717
27,1,1,4,0.033736
27,1,2,4,0.033736
27,1,3,4,0.033736
27,1,4,4,0.033736
27,2,1,1,0.428571
27,2,1,2,0.183673
27,2,2,2,0.183673
27,2,1,3,0.078717
27,2,2,3,0.078717
27,2,3,3,0.078717
27,2,1,4,0.033736
27,2,2,4,0.033736
27,2,3,4,0.033736
27,2,4,4,0.033736
27,3,1,1,0.428571
27,3,1,2,0.183673
27,3,2,2,0.183673
27,3,1,3,0.078717
27,3,2,3,0.078717
27,3,3,3,0.078717
27,3,1,4,0.033736
27,3,2,4,0.033736
27,3,3,4,0.033736
27,3,4,4,0.033736
28,0,1,1,0.428571
28,0,1,2,0.183673
28,0,2,2,0.183673
28,0,1,3,0.078717
28,0,2,3,0.078717
28,0,3,3,0.078717
28,0,1,4,0.033736
28,0,2,4,0.033736
28,0,3,4,0.033736
28,0,4,4,0.033736
28,1,1,1,0.428571
28,1,1,2,0.183673
28,1,2,2,0.183673
28,1,1,3,0.078717
28,1,2,3,0.078717
28,1,3,3,0.078717
28,1,1,4,0.033736
28,1,2,4,0.033736
28,1,3,4,0.033736
28,1,4,4,0.033736
28,2,1,1,0.428571
28,2,1,2,0.183673
28,2,2,2,0.183673
28,2,1,3,0.078717
28,2,2,3,0.078717
28,2,3,3,0.078717
28,2,1,4,0.033736
28,2,2,4,0.033736
28,2,3,4,0.033736
28,2,4,4,0.033736
28,3,1,1,0.428571
28,3,1,2,0.183673
28,3,2,2,0.183673
28,3,1,3,0.078717
28,3,2,3,0.078717
28,3,3,3,0.078717
28,3,1,4,0.033736
28,3,2,4,0.033736
28,3,3,4,0.033736
28,3,4,4,0.033736
29,0,1,1,0.428571
29,0,1,2,0.183673
29,0,2,2,0.183673
29,0,1,3,0.078717
29,0,2,3,0.078717
29,0,3,3,0.078717
29,0,1,4,0.033736
29,0,2,4,0.033736
29,0,3,4,0.033736
29,0,4,4,0.033736
29,1,1,1,0.428571
29,1,1,2,0.183673
29,1,2,2,0.183673
29,1,1,3,0.078717
29,1,2,3,0.078717
29,1,3,3,0.078717
29,1,1,4,0.033736
29,1,2,4,0.033736
29,1,3,4,0.033736
29,1,4,4,0.033736
29,2,1,1,0.428571
29,2,1,2,0.183673
29,2,2,2,0.183673
29,2,1,3,0.078717
29,2,2,3,0.078717
29,2,3,3,0.078717
29,2,1,4,0.033736
29,2,2,4,0.033736
29,2,3,4,0.033736
29,2,4,4,0.033736
29,3,1,1,0.428571
29,3,1,2,0.183673
29,3,2,2,0.183673
29,3,1,3,0.078717
29,3,2,3,0.078717
29,3,3,3,0.078717
29,3,1,4,0.033736
29,3,2,4,0.033736
29,3,3,4,0.033736
29,3,4,4,0.033736
30,0,1,1,0.428571
30,0,1,2,0.183673
30,0,2,2,0.183673
30,0,1,3,0.078717
30,0,2,3,0.078717
30,0,3,3,0.078717
30,0,1,4,0.033736
30,0,2,4,0.033736
30,0,3,4,0.033736
30,0,4,4,0.033736
30,1,1,1,0.428571
30,1,1,2,0.183673
30,1,2,2,0.183673
30,1,1,3,0.078717
30,1,2,3,0.078717
30,1,3,3,0.078717
30,1,1,4,0.033736
30,1,2,4,0.033736
30,1,3,4,0.033736
30,1,4,4,0.033736
30,2,1,1,0.428571
30,2,1,2,0.183673
30,2,2,2,0.183673
30,2,1,3,0.078717
30,2,2,3,0.078717
30,2,3,3,0.078717
30,2,1,4,0.033736
30,2,2,4,0.033736
30,2,3,4,0.033736
30,2,4,4,0.033736
30,3,1,1,0.428571
30,3,1,2,0.183673
30,3,2,2,0.183673
30,3,1,3,0.078717
30,3,2,3,0.078717
30,3,3,3,0.078717
30,3,1,4,0.033736
30,3,2,4,0.033736
30,3,3,4,0.033736
30,3,4,4,0.033736
31,0,1,1,0.428571
31,0,1,2,0.183673
31,0,2,2,0.183673
31,0,1,3,0.078717
31,0,2,3,0.078717
31,0,3,3,0.078717
31,0,1,4,0.033736
31,0,2,4,0.033736
31,0,3,4,0.033736
31,0,4,4,0.033736
31,1,1,1,0.428571
31,1,1,2,0.183673
31,1,2,2,0.183673
31,1,1,3,0.078717
31,1,2,3,0.078717
31,1,3,3,0.078717
31,1,1,4,0.033736
31,1,2,4,0.033736
31,1,3,4,0.033736
31,1,4,4,0.033736
31,2,1,1,0.428571
31,2,1,2,0.183673
31,2,2,2,0.183673
31,2,1,3,0.078717
31,2,2,3,0.078717
31,2,3,3,0.078717
31,2,1,4,0.033736
31,2,2,4,0.033736
31,2,3,4,0.033736
31,2,4,4,0.033736
31,3,1,1,0.428571
31,3,1,2,0.183673
31,3,2,2,0.183673
31,3,1,3,0.078717
31,3,2,3,0.078717
31,3,3,3,0.078717
31,3,1,4,0.033736
31,3,2,4,0.033736
31,3,3,4,0.033736
31,3,4,4,0.033736
32,0,1,1,0.428571
32,0,1,2,0.183673
32,0,2,2,0.183673
32,0,1,3,0.078717
32,0,2,3,0.078717
32,0,3,3,0.078717
32,0,1,4,0.033736
32,0,2,4,0.033736
32,0,3,4,0.033736
32,0,4,4,0.033736
32,1,1,1,0.428571
32,1,1,2,0.183673
32,1,2,2,0.183673
32,1,1,3,0.078717
32,1,2,3,0.078717
32,1,3,3,0.078717
32,1,1,4,0.033736
32,1,2,4,0.033736
32,1,3,4,0.033736
32,1,4,4,0.033736
32,2,1,1,0.428571
32,2,1,2,0.183673
32,2,2,2,0.183673
32,2,1,3,0.078717
32,2,2,3,0.078717
32,2,3,3,0.078717
32,2,1,4,0.033736
32,2,2,4,0.033736
32,2,3,4,0.033736
32,2,4,4,0.033736
32,3,1,1,0.428571
32,3,1,2,0.183673
32,3,2,2,0.183673
32,3,1,3,0.078717
32,3,2,3,0.078717
32,3,3,3,0.078717
32,3,1,4,0.033736
32,3,2,4,0.033736
32,3,3,4,0.033736
32,3,4,4,0.033736
33,0,1,1,0.428571
33,0,1,2,0.183673
33,0,2,2,0.183673
33,0,1,3,0.078717
33,0,2,3,0.078717
33,0,3,3,0.078717
33,0,1,4,0.033736
33,0,2,4,0.033736
33,0,3,4,0.033736
33,0,4,4,0.033736
33,1,1,1,0.428571
33,1,1,2,0.183673
33,1,2,2,0.183673
33,1,1,3,0.078717
33,1,2,3,0.078717
33,1,3,3,0.078717
33,1,1,4,0.033736
33,1,2,4,0.033736
33,1,3,4,0.033736
33,1,4,4,0.033736
33,2,1,1,0.428571
33,2,1,2,0.183673
33,2,2,2,0.183673
33,2,1,3,0.078717
33,2,2,3,0.078717
33,2,3,3,0.078717
33,2,1,4,0.033736
33,2,2,4,0.033736
33,2,3,4,0.033736
33,2,4,4,0.033736
33,3,1,1,0.428571
33,3,1,2,0.183673
33,3,2,2,0.183673
33,3,1,3,0.078717
33,3,2,3,0.078717
33,3,3,3,0.078717
33,3,1,4,0.033736
33,3,2,4,0.033736
33,3,3,4,0.033736
33,3,4,4,0.033736
34,0,1,1,0.428571
34,0,1,2,0.183673
34,0,2,2,0.183673
34,0,1,3,0.078717
34,0,2,3,0.078717
34,0,3,3,0.078717
34,0,1,4,0.033736
34,0,2,4,0.033736
34,0,3,4,0.033736
34,0,4,4,0.033736
34,1,1,1,0.428571
34,1,1,2,0.183673
34,1,2,2,0.183673
34,1,1,3,0.078717
34,1,2,3,0.078717
34,1,3,3,0.078717
34,1,1,4,0.033736
34,1,2,4,0.033736
34,1,3,4,0.033736
34,1,4,4,0.033736
34,2,1,1,0.428571
34,2,1,2,0.183673
34,2,2,2,0.183673
34,2,1,3,0.078717
34,2,2,3,0.078717
34,2,3,3,0.078717
34,2,1,4,0.033736
34,2,2,4,0.033736
34,2,3,4,0.033736
34,2,4,4,0.033736
34,3,1,1,0.428571
34,3,1,2,0.183673
34,3,2,2,0.183673
34,3,1,3,0.078717
34,3,2,3,0.078717
34,3,3,3,0.078717
34,3,1,4,0.033736
34,3,2,4,0.033736
34,3,3,4,0.033736
34,3,4,4,0.033736
35,0,1,1,0.428571
35,0,1,2,0.183673
35,0,2,2,0.183673
35,0,1,3,0.078717
35,0,2,3,0.078717
35,0,3,3,0.078717
35,0,1,4,0.033736
35,0,2,4,0.033736
35,0,3,4,0.033736
35,0,4,4,0.033736
35,1,1,1,0.428571
35,1,1,2,0.183673
35,1,2,2,0.183673
35,1,1,3,0.078717
35,1,2,3,0.078717
35,1,3,3,0.078717
35,1,1,4,0.033736
35,1,2,4,0.033736
35,1,3,4,0.033736
35,1,4,4,0.033736
35,2,1,1,0.428571
35,2,1,2,0.183673
35,2,2,2,0.183673
35,2,1,3,0.078717
35,2,2,3,0.078717
35,2,3,3,0.078717
35,2,1,4,0.033736
35,2,2,4,0.033736
35,2,3,4,0.033736
35,2,4,4,0.033736
35,3,1,1,0.428571
35,3,1,2,0.183673
35,3,2,2,0.183673
35,3,1,3,0.078717
35,3,2,3,0.078717
35,3,3,3,0.078717
35,3,1,4,0.033736
35,3,2,4,0.033736
35,3,3,4,0.033736
35,3,4,4,0.033736
36,0,1,1,0.428571
36,0,1,2,0.183673
36,0,2,2,0.183673
36,0,1,3,0.078717
36,0,2,3,0.078717
36,0,3,3,0.078717
36,0,1,4,0.033736
36,0,2,4,0.033736
36,0,3,4,0.033736
36,0,4,4,0.033736
36,1,1,1,0.428571
36,1,1,2,0.183673
36,1,2,2,0.183673
36,1,1,3,0.078717
36,1,2,3,0.078717
36,1,3,3,0.078717
36,1,1,4,0.033736
36,1,2,4,0.033736
36,1,3,4,0.033736
36,1,4,4,0.033736
36,2,1,1,0.428571
36,2,1,2,0.183673
36,2,2,2,0.183673
36,2,1,3,0.078717
36,2,2,3,0.078717
36,2,3,3,0.078717
36,2,1,4,0.033736
36,2,2,4,0.033736
36,2,3,4,0.033736
36,2,4,4,0.033736
36,3,1,1,0.428571
36,3,1,2,0.183673
36,3,2,2,0.183673
36,3,1,3,0.078717
36,3,2,3,0.078717
36,3,3,3,0.078717
36,3,1,4,0.033736
36,3,2,4,0.033736
36,3,3,4,0.033736
36,3,4,4,0.033736
37,0,1,1,0.428571
37,0,1,2,0.183673
37,0,2,2,0.183673
37,0,1,3,0.078717
37,0,2,3,0.078717
37,0,3,3,0.078717
37,0,1,4,0.033736
37,0,2,4,0.033736
37,0,3,4,0.033736
37,0,4,4,0.033736
37,1,1,1,0.428571
37,1,1,2,0.183673
37,1,2,2,0.183673
37,1,1,3,0.078717
37,1,2,3,0.078717
37,1,3,3,0.078717
37,1,1,4,0.033736
37,1,2,4,0.033736
37,1,3,4,0.033736
37,1,4,4,0.033736
37,2,1,1,0.428571
37,2,1,2,0.183673
37,2,2,2,0.183673
37,2,1,3,0.078717
37,2,2,3,0.078717
37,2,3,3,0.078717
37,2,1,4,0.033736
37,2,2,4,0.033736
37,2,3,4,0.033736
37,2,4,4,0.033736
37,3,1,1,0.428571
37,3,1,2,0.183673
37,3,2,2,0.183673
37,3,1,3,0.078717
37,3,2,3,0.078717
37,3,3,3,0.078717
37,3,1,4,0.033736
37,3,2,4,0.033736
37,3,3,4,0.033736
37,3,4,4,0.033736
38,0,1,1,0.428571
38,0,1,2,0.183673
38,0,2,2,0.183673
38,0,1,3,0.078717
38,0,2,3,0.078717
38,0,3,3,0.078717
38,0,1,4,0.033736
38,0,2,4,0.033736
38,0,3,4,0.033736
38,0,4,4,0.033736
38,1,1,1,0.428571
38,1,1,2,0.183673
38,1,2,2,0.183673
38,1,1,3,0.078717
38,1,2,3,0.078717
38,1,3,3,0.078717
38,1,1,4,0.033736
38,1,2,4,0.033736
38,1,3,4,0.033736
38,1,4,4,0.033736
38,2,1,1,0.428571
38,2,1,2,0.183673
38,2,2,2,0.183673
38,2,1,3,0.078717
38,2,2,3,0.078717
38,2,3,3,0.078717
38,2,1,4,0.033736
38,2,2,4,0.033736
38,2,3,4,0.033736
38,2,4,4,0.033736
38,3,1,1,0.428571
38,3,1,2,0.183673
38,3,2,2,0.183673
38,3,1,3,0.078717
38,3,2,3,0.078717
38,3,3,3,0.078717
38,3,1,4,0.033736
38,3,2,4,0.033736
38,3,3,4,0.033736
38,3,4,4,0.033736
39,0,1,1,0.428571
39,0,1,2,0.183673
39,0,2,2,0.183673
39,0,1,3,0.078717
39,0,2,3,0.078717
39,0,3,3,0.078717
39,0,1,4,0.033736
39,0,2,4,0.033736
39,0,3,4,0.033736
39,0,4,4,0.033736
39,1,1,1,0.428571
39,1,1,2,0.183673
39,1,2,2,0.183673
39,1,1,3,0.078717
39,1,2,3,0.078717
39,1,3,3,0.078717
39,1,1,4,0.033736
39,1,2,4,0.033736
39,1,3,4,0.033736
39,1,4,4,0.033736
39,2,1,1,0.428571
39,2,1,2,0.183673
39,2,2,2,0.183673
39,2,1,3,0.078717
39,2,2,3,0.078717
39,2,3,3,0.078717
39,2,1,4,0.033736
39,2,2,4,0.033736
39,2,3,4,0.033736
39,2,4,4,0.033736
39,3,1,1,0.428571
39,3,1,2,0.183673
39,3,2,2,0.183673
39,3,1,3,0.078717
39,3,2,3,0.078717
39,3,3,3,0.078717
39,3,1,4,0.033736
39,3,2,4,0.033736
39,3,3,4,0.033736
39,3,4,4,0.033736
40,0,1,1,0.428571
40,0,1,2,0.183673
40,0,2,2,0.183673
40,0,1,3,0.078717
40,0,2,3,0.078717
40,0,3,3,0.078717
40,0,1,4,0.033736
40,0,2,4,0.033736
40,0,3,4,0.033736
40,0,4,4,0.033736
40,1,1,1,0.428571
40,1,1,2,0.183673
40,1,2,2,0.183673
40,1,1,3,0.078717
40,1,2,3,0.078717
40,1,3,3,0.078717
40,1,1,4,0.033736
40,1,2,4,0.033736
40,1,3,4,0.033736
40,1,4,4,0.033736
40,2,1,1,0.428571
40,2,1,2,0.183673
40,2,2,2,0.183673
40,2,1,3,0.078717
40,2,2,3,0.078717
40,2,3,3,0.078717
40,2,1,4,0.033736
40,2,2,4,0.033736
40,2,3,4,0.033736
40,2,4,4,0.033736
40,3,1,1,0.428571
40,3,1,2,0.183673
40,3,2,2,0.183673
40,3,1,3,0.078717
40,3,2,3,0.078717
40,3,3,3,0.078717
40,3,1,4,0.033736
40,3,2,4,0.033736
40,3,3,4,0.033736
40,3,4,4,0.033736
41,0,1,1,0.428571
41,0,1,2,0.183673
41,0,2,2,0.183673
41,0,1,3,0.078717
41,0,2,3,0.078717
41,0,3,3,0.078717
41,0,1,4,0.033736
41,0,2,4,0.033736
41,0,3,4,0.033736
41,0,4,4,0.033736
41,1,1,1,0.428571
41,1,1,2,0.183673
41,1,2,2,0.183673
41,1,1,3,0.078717
41,1,2,3,0.078717
41,1,3,3,0.078717
41,1,1,4,0.033736
41,1,2,4,0.033736
41,1,3,4,0.033736
41,1,4,4,0.033736
41,2,1,1,0.428571
41,2,1,2,0.183673
41,2,2,2,0.183673
41,2,1,3,0.078717
41,2,2,3,0.078717
41,2,3,3,0.078717
41,2,1,4,0.033736
41,2,2,4,0.033736
41,2,3,4,0.033736
41,2,4,4,0.033736
41,3,1,1,0.428571
41,3,1,2,0.183673
41,3,2,2,0.183673
41,3,1,3,0.078717
41,3,2,3,0.078717
41,3,3,3,0.078717
41,3,1,4,0.033736
41,3,2,4,0.033736
41,3,3,4,0.033736
41,3,4,4,0.033736
42,0,1,1,0.428571
42,0,1,2,0.183673
42,0,2,2,0.183673
42,0,1,3,0.078717
42,0,2,3,0.078717
42,0,3,3,0.078717
42,0,1,4,0.033736
42,0,2,4,0.033736
42,0,3,4,0.033736
42,0,4,4,0.033736
42,1,1,1,0.428571
42,1,1,2,0.183673
42,1,2,2,0.183673
42,1,1,3,0.078717
42,1,2,3,0.078717
42,1,3,3,0.078717
42,1,1,4,0.033736
42,1,2,4,0.033736
42,1,3,4,0.033736
42,1,4,4,0.033736
42,2,1,1,0.428571
42,2,1,2,0.183673
42,2,2,2,0.183673
42,2,1,3,0.078717
42,2,2,3,0.078717
42,2,3,3,0.078717
42,2,1,4,0.033736
42,2,2,4,0.033736
42,2,3,4,0.033736
42,2,4,4,0.033736
42,3,1,1,0.428571
42,3,1,2,0.183673
42,3,2,2,0.183673
42,3,1,3,0.078717
42,3,2,3,0.078717
42,3,3,3,0.078717
42,3,1,4,0.033736
42,3,2,4,0.033736
42,3,3,4,0.033736
42,3,4,4,0.033736
43,0,1,1,0.428571
43,0,1,2,0.183673
43,0,2,2,0.183673
43,0,1,3,0.078717
43,0,2,3,0.078717
43,0,3,3,0.078717
43,0,1,4,0.033736
43,0,2,4,0.033736
43,0,3,4,0.033736
43,0,4,4,0.033736
43,1,1,1,0.428571
43,1,1,2,0.183673
43,1,2,2,0.183673
43,1,1,3,0.078717
43,1,2,3,0.078717
43,1,3,3,0.078717
43,1,1,4,0.033736
43,1,2,4,0.033736
43,1,3,4,0.033736
43,1,4,4,0.033736
43,2,1,1,0.428571
43,2,1,2,0.183673
43,2,2,2,0.183673
43,2,1,3,0.078717
43,2,2,3,0.078717
43,2,3,3,0.078717
43,2,1,4,0.033736
43,2,2,4,0.033736
43,2,3,4,0.033736
43,2,4,4,0.033736
43,3,1,1,0.428571
43,3,1,2,0.183673
43,3,2,2,0.183673
43,3,1,3,0.078717
43,3,2,3,0.078717
43,3,3,3,0.078717
43,3,1,4,0.033736
43,3,2,4,0.033736
43,3,3,4,0.033736
43,3,4,4,0.033736
44,0,1,1,0.428571
44,0,1,2,0.183673
44,0,2,2,0.183673
44,0,1,3,0.078717
44,0,2,3,0.078717
44,0,3,3,0.078717
44,0,1,4,0.033736
44,0,2,4,0.033736
44,0,3,4,0.033736
44,0,4,4,0.033736
44,1,1,1,0.428571
44,1,1,2,0.183673
44,1,2,2,0.183673
44,1,1,3,0.078717
44,1,2,3,0.078717
44,1,3,3,0.078717
44,1,1,4,0.033736
44,1,2,4,0.033736
44,1,3,4,0.033736
44,1,4,4,0.033736
44,2,1,1,0.428571
44,2,1,2,0.183673
44,2,2,2,0.183673
44,2,1,3,0.078717
44,2,2,3,0.078717
44,2,3,3,0.078717
44,2,1,4,0.033736
44,2,2,4,0.033736
44,2,3,4,0.033736
44,2,4,4,0.033736
44,3,1,1,0.428571
44,3,1,2,0.183673
44,3,2,2,0.183673
44,3,1,3,0.078717
44,3,2,3,0.078717
44,3,3,3,0.078717
44,3,1,4,0.033736
44,3,2,4,0.033736
44,3,3,4,0.033736
44,3,4,4,0.033736
45,0,1,1,0.428571
45,0,1,2,0.183673
45,0,2,2,0.183673
45,0,1,3,0.078717
45,0,2,3,0.078717
45,0,3,3,0.078717
45,0,1,4,0.033736
45,0,2,4,0.033736
45,0,3,4,0.033736
45,0,4,4,0.033736
45,1,1,1,0.428571
45,1,1,2,0.183673
45,1,2,2,0.183673
45,1,1,3,0.078717
45,1,2,3,0.078717
45,1,3,3,0.078717
45,1,1,4,0.033736
45,1,2,4,0.033736
45,1,3,4,0.033736
45,1,4,4,0.033736
45,2,1,1,0.428571
45,2,1,2,0.183673
45,2,2,2,0.183673
45,2,1,3,0.078717
45,2,2,3,0.078717
45,2,3,3,0.078717
45,2,1,4,0.033736
45,2,2,4,0.033736
45,2,3,4,0.033736
45,2,4,4,0.033736
45,3,1,1,0.428571
45,3,1,2,0.183673
45,3,2,2,0.183673
45,3,1,3,0.078717
45,3,2,3,0.078717
45,3,3,3,0.078717
45,3,1,4,0.033736
45,3,2,4,0.033736
45,3,3,4,0.033736
45,3,4,4,0.033736
46,0,1,1,0.428571
46,0,1,2,0.183673
46,0,2,2,0.183673
46,0,1,3,0.078717
46,0,2,3,0.078717
46,0,3,3,0.078717
46,0,1,4,0.033736
46,0,2,4,0.033736
46,0,3,4,0.033736
46,0,4,4,0.033736
46,1,1,1,0.428571
46,1,1,2,0.183673
46,1,2,2,0.183673
46,1,1,3,0.078717
46,1,2,3,0.078717
46,1,3,3,0.078717
46,1,1,4,0.033736
46,1,2,4,0.033736
46,1,3,4,0.033736
46,1,4,4,0.033736
46,2,1,1,0.428571
46,2,1,2,0.183673
46,2,2,2,0.183673
46,2,1,3,0.078717
46,2,2,3,0.078717
46,2,3,3,0.078717
46,2,1,4,0.033736
46,2,2,4,0.033736
46,2,3,4,0.033736
46,2,4,4,0.033736
46,3,1,1,0.428571
46,3,1,2,0.183673
46,3,2,2,0.183673
46,3,1,3,0.078717
46,3,2,3,0.078717
46,3,3,3,0.078717
46,3,1,4,0.033736
46,3,2,4,0.033736
46,3,3,4,0.033736
46,3,4,4,0.033736
47,0,1,1,0.428571
47,0,1,2,0.183673
47,0,2,2,0.183673
47,0,1,3,0.078717
47,0,2,3,0.078717
47,0,3,3,0.078717
47,0,1,4,0.033736
47,0,2,4,0.033736
47,0,3,4,0.033736
47,0,4,4,0.033736
47,1,1,1,0.428571
47,1,1,2,0.183673
47,1,2,2,0.183673
47,1,1,3,0.078717
47,1,2,3,0.078717
47,1,3,3,0.078717
47,1,1,4,0.033736
47,1,2,4,0.033736
47,1,3,4,0.033736
47,1,4,4,0.033736
47,2,1,1,0.428571
47,2,1,2,0.183673
47,2,2,2,0.183673
47,2,1,3,0.078717
47,2,2,3,0.078717
47,2,3,3,0.078717
47,2,1,4,0.033736
47,2,2,4,0.033736
47,2,3,4,0.033736
47,2,4,4,0.033736
47,3,1,1,0.428571
47,3,1,2,0.183673
47,3,2,2,0.183673
47,3,1,3,0.078717
47,3,2,3,0.078717
47,3,3,3,0.078717
47,3,1,4,0.033736
47,3,2,4,0.033736
47,3,3,4,0.033736
47,3,4,4,0.033736
48,0,1,1,0.428571
48,0,1,2,0.183673
48,0,2,2,0.183673
48,0,1,3,0.078717
48,0,2,3,0.078717
48,0,3,3,0.078717
48,0,1,4,0.033736
48,0,2,4,0.033736
48,0,3,4,0.033736
48,0,4,4,0.033736
48,1,1,1,0.428571
48,1,1,2,0.183673
48,1,2,2,0.183673
48,1,1,3,0.078717
48,1,2,3,0.078717
48,1,3,3,0.078717
48,1,1,4,0.033736
48,1,2,4,0.033736
48,1,3,4,0.033736
48,1,4,4,0.033736
48,2,1,1,0.428571
48,2,1,2,0.183673
48,2,2,2,0.183673
48,2,1,3,0.078717
48,2,2,3,0.078717
48,2,3,3,0.078717
48,2,1,4,0.033736
48,2,2,4,0.033736
48,2,3,4,0.033736
48,2,4,4,0.033736
48,3,1,1,0.428571
48,3,1,2,0.183673
48,3,2,2,0.183673
48,3,1,3,0.078717
48,3,2,3,0.078717
48,3,3,3,0.078717
48,3,1,4,0.033736
48,3,2,4,0.033736
48,3,3,4,0.033736
48,3,4,4,0.033736
49,0,1,1,0.428571
49,0,1,2,0.183673
49,0,2,2,0.183673
49,0,1,3,0.078717
49,0,2,3,0.078717
49,0,3,3,0.078717
49,0,1,4,0.033736
49,0,2,4,0.033736
49,0,3,4,0.033736
49,0,4,4,0.033736
49,1,1,1,0.428571
49,1,1,2,0.183673
49,1,2,2,0.183673
49,1,1,3,0.078717
49,1,2,3,0.078717
49,1,3,3,0.078717
49,1,1,4,0.033736
49,1,2,4,0.033736
49,1,3,4,0.033736
49,1,4,4,0.033736
49,2,1,1,0.428571
49,2,1,2,0.183673
49,2,2,2,0.183673
49,2,1,3,0.078717
49,2,2,3,0.078717
49,2,3,3,0.078717
49,2,1,4,0.033736
49,2,2,4,0.033736
49,2,3,4,0.033736
49,2,4,4,0.033736
49,3,1,1,0.428571
49,3,1,2,0.183673
49,3,2,2,0.183673
49,3,1,3,0.078717
49,3,2,3,0.078717
49,3,3,3,0.078717
49,3,1,4,0.033736
49,3,2,4,0.033736
49,3,3,4,0.033736
49,3,4,4,0.033736
50,0,1,1,0.428571
50,0,1,2,0.183673
50,0,2,2,0.183673
50,0,1,3,0.078717
50,0,2,3,0.078717
50,0,3,3,0.078717
50,0,1,4,0.033736
50,0,2,4,0.033736
50,0,3,4,0.033736
50,0,4,4,0.033736
50,1,1,1,0.428571
50,1,1,2,0.183673
50,1,2,2,0.183673
50,1,1,3,0.078717
50,1,2,3,0.078717
50,1,3,3,0.078717
50,1,1,4,0.033736
50,1,2,4,0.033736
50,1,3,4,0.033736
50,1,4,4,0.033736
50,2,1,1,0.428571
50,2,1,2,0.183673
50,2,2,2,0.183673
50,2,1,3,0.078717
50,2,2,3,0.078717
50,2,3,3,0.078717
50,2,1,4,0.033736
50,2,2,4,0.033736
50,2,3,4,0.033736
50,2,4,4,0.033736
50,3,1,1,0.428571
50,3,1,2,0.183673
50,3,2,2,0.183673
50,3,1,3,0.078717
50,3,2,3,0.078717
50,3,3,3,0.078717
50,3,1,4,0.033736
50,3,2,4,0.033736
50,3,3,4,0.033736
50,3,4,4,0.033736
51,0,1,1,0.428571
51,0,1,2,0.183673
51,0,2,2,0.183673
51,0,1,3,0.078717
51,0,2,3,0.078717
51,0,3,3,0.078717
51,0,1,4,0.033736
51,0,2,4,0.033736
51,0,3,4,0.033736
51,0,4,4,0.033736
51,1,1,1,0.428571
51,1,1,2,0.183673
51,1,2,2,0.183673
51,1,1,3,0.078717
51,1,2,3,0.078717
51,1,3,3,0.078717
51,1,1,4,0.033736
51,1,2,4,0.033736
51,1,3,4,0.033736
51,1,4,4,0.033736
51,2,1,1,0.428571
51,2,1,2,0.183673
51,2,2,2,0.183673
51,2,1,3,0.078717
51,2,2,3,0.078717
51,2,3,3,0.078717
51,2,1,4,0.033736
51,2,2,4,0.033736
51,2,3,4,0.033736
51,2,4,4,0.033736
51,3,1,1,0.428571
51,3,1,2,0.183673
51,3,2,2,0.183673
51,3,1,3,0.078717
51,3,2,3,0.078717
51,3,3,3,0.078717
51,3,1,4,0.033736
51,3,2,4,0.033736
51,3,3,4,0.033736
51,3,4,4,0.033736
52,0,1,1,0.428571
52,0,1,2,0.183673
52,0,2,2,0.183673
52,0,1,3,0.078717
52,0,2,3,0.078717
52,0,3,3,0.078717
52,0,1,4,0.033736
52,0,2,4,0.033736
52,0,3,4,0.033736
52,0,4,4,0.033736
52,1,1,1,0.428571
52,1,1,2,0.183673
52,1,2,2,0.183673
52,1,1,3,0.078717
52,1,2,3,0.078717
52,1,3,3,0.078717
52,1,1,4,0.033736
52,1,2,4,0.033736
52,1,3,4,0.033736
52,1,4,4,0.033736
52,2,1,1,0.428571
52,2,1,2,0.183673
52,2,2,2,0.183673
52,2,1,3,0.078717
52,2,2,3,0.078717
52,2,3,3,0.078717
52,2,1,4,0.033736
52,2,2,4,0.033736
52,2,3,4,0.033736
52,2,4,4,0.033736
52,3,1,1,0.428571
52,3,1,2,0.183673
52,3,2,2,0.183673
52,3,1,3,0.078717
52,3,2,3,0.078717
52,3,3,3,0.078717
52,3,1,4,0.033736
52,3,2,4,0.033736
52,3,3,4,0.033736
52,3,4,4,0.033736
53,0,1,1,0.428571
53,0,1,2,0.183673
53,0,2,2,0.183673
53,0,1,3,0.078717
53,0,2,3,0.078717
53,0,3,3,0.078717
53,0,1,4,0.033736
53,0,2,4,0.033736
53,0,3,4,0.033736
53,0,4,4,0.033736
53,1,1,1,0.428571
53,1,1,2,0.183673
53,1,2,2,0.183673
53,1,1,3,0.078717
53,1,2,3,0.078717
53,1,3,3,0.078717
53,1,1,4,0.033736
53,1,2,4,0.033736
53,1,3,4,0.033736
53,1,4,4,0.033736
53,2,1,1,0.428571
53,2,1,2,0.183673
53,2,2,2,0.183673
53,2,1,3,0.078717
53,2,2,3,0.078717
53,2,3,3,0.078717
53,2,1,4,0.033736
53,2,2,4,0.033736
53,2,3,4,0.033736
53,2,4,4,0.033736
53,3,1,1,0.428571
53,3,1,2,0.183673
53,3,2,2,0.183673
53,3,1,3,0.078717
53,3,2,3,0.078717
53,3,3,3,0.078717
53,3,1,4,0.033736
53,3,2,4,0.033736
53,3,3,4,0.033736
53,3,4,4,0.033736
54,0,1,1,0.428571
54,0,1,2,0.183673
54,0,2,2,0.183673
54,0,1,3,0.078717
54,0,2,3,0.078717
54,0,3,3,0.078717
54,0,1,4,0.033736
54,0,2,4,0.033736
54,0,3,4,0.033736
54,0,4,4,0.033736
54,1,1,1,0.428571
54,1,1,2,0.183673
54,1,2,2,0.183673
54,1,1,3,0.078717
54,1,2,3,0.078717
54,1,3,3,0.078717
54,1,1,4,0.033736
54,1,2,4,0.033736
54,1,3,4,0.033736
54,1,4,4,0.033736
54,2,1,1,0.428571
54,2,1,2,0.183673
54,2,2,2,0.183673
54,2,1,3,0.078717
54,2,2,3,0.078717
54,2,3,3,0.078717
54,2,1,4,0.033736
54,2,2,4,0.033736
54,2,3,4,0.033736
54,2,4,4,0.033736
54,3,1,1,0.428571
54,3,1,2,0.183673
54,3,2,2,0.183673
54,3,1,3,0.078717
54,3,2,3,0.078717
54,3,3,3,0.078717
54,3,1,4,0.033736
54,3,2,4,0.033736
54,3,3,4,0.033736
54,3,4,4,0.033736
55,0,1,1,0.428571
55,0,1,2,0.183673
55,0,2,2,0.183673
55,0,1,3,0.078717
55,0,2,3,0.078717
55,0,3,3,0.078717
55,0,1,4,0.033736
55,0,2,4,0.033736
55,0,3,4,0.033736
55,0,4,4,0.033736
55,1,1,1,0.428571
55,1,1,2,0.183673
55,1,2,2,0.183673
55,1,1,3,0.078717
55,1,2,3,0.078717
55,1,3,3,0.078717
55,1,1,4,0.033736
55,1,2,4,0.033736
55,1,3,4,0.033736
55,1,4,4,0.033736
55,2,1,1,0.428571
55,2,1,2,0.183673
55,2,2,2,0.183673
55,2,1,3,0.078717
55,2,2,3,0.078717
55,2,3,3,0.078717
55,2,1,4,0.033736
55,2,2,4,0.033736
55,2,3,4,0.033736
55,2,4,4,0.033736
55,3,1,1,0.428571
55,3,1,2,0.183673
55,3,2,2,0.183673
55,3,1,3,0.078717
55,3,2,3,0.078717
55,3,3,3,0.078717
55,3,1,4,0.033736
55,3,2,4,0.033736
55,3,3,4,0.033736
55,3,4,4,0.033736
56,0,1,1,0.428571
56,0,1,2,0.183673
56,0,2,2,0.183673
56,0,1,3,0.078717
56,0,2,3,0.078717
56,0,3,3,0.078717
56,0,1,4,0.033736
56,0,2,4,0.033736
56,0,3,4,0.033736
56,0,4,4,0.033736
56,1,1,1,0.428571
56,1,1,2,0.183673
56,1,2,2,0.183673
56,1,1,3,0.078717
56,1,2,3,0.078717
56,1,3,3,0.078717
56,1,1,4,0.033736
56,1,2,4,0.033736
56,1,3,4,0.033736
56,1,4,4,0.033736
56,2,1,1,0.428571
56,2,1,2,0.183673
56,2,2,2,0.183673
56,2,1,3,0.078717
56,2,2,3,0.078717
56,2,3,3,0.078717
56,2,1,4,0.033736
56,2,2,4,0.033736
56,2,3,4,0.033736
56,2,4,4,0.033736
56,3,1,1,0.428571
56,3,1,2,0.183673
56,3,2,2,0.183673
56,3,1,3,0.078717
56,3,2,3,0.078717
56,3,3,3,0.078717
56,3,1,4,0.033736
56,3,2,4,0.033736
56,3,3,4,0.033736
56,3,4,4,0.033736
57,0,1,1,0.428571
57,0,1,2,0.183673
57,0,2,2,0.183673
57,0,1,3,0.078717
57,0,2,3,0.078717
57,0,3,3,0.078717
57,0,1,4,0.033736
57,0,2,4,0.033736
57,0,3,4,0.033736
57,0,4,4,0.033736
57,1,1,1,0.428571
57,1,1,2,0.183673
57,1,2,2,0.183673
57,1,1,3,0.078717
57,1,2,3,0.078717
57,1,3,3,0.078717
57,1,1,4,0.033736
57,1,2,4,0.033736
57,1,3,4,0.033736
57,1,4,4,0.033736
57,2,1,1,0.428571
57,2,1,2,0.183673
57,2,2,2,0.183673
57,2,1,3,0.078717
57,2,2,3,0.078717
57,2,3,3,0.078717
57,2,1,4,0.033736
57,2,2,4,0.033736
57,2,3,4,0.033736
57,2,4,4,0.033736
57,3,1,1,0.428571
57,3,1,2,0.183673
57,3,2,2,0.183673
57,3,1,3,0.078717
57,3,2,3,0.078717
57,3,3,3,0.078717
57,3,1,4,0.033736
57,3,2,4,0.033736
57,3,3,4,0.033736
57,3,4,4,0.033736
58,0,1,1,0.428571
58,0,1,2,0.183673
58,0,2,2,0.183673
58,0,1,3,0.078717
58,0,2,3,0.078717
58,0,3,3,0.078717
58,0,1,4,0.033736
58,0,2,4,0.033736
58,0,3,4,0.033736
58,0,4,4,0.033736
58,1,1,1,0.428571
58,1,1,2,0.183673
58,1,2,2,0.183673
58,1,1,3,0.078717
58,1,2,3,0.078717
58,1,3,3,0.078717
58,1,1,4,0.033736
58,1,2,4,0.033736
58,1,3,4,0.033736
58,1,4,4,0.033736
58,2,1,1,0.428571
58,2,1,2,0.183673
58,2,2,2,0.183673
58,2,1,3,0.078717
58,2,2,3,0.078717
58,2,3,3,0.078717
58,2,1,4,0.033736
58,2,2,4,0.033736
58,2,3,4,0.033736
58,2,4,4,0.033736
58,3,1,1,0.428571
58,3,1,2,0.183673
58,3,2,2,0.183673
58,3,1,3,0.078717
58,3,2,3,0.078717
58,3,3,3,0.078717
58,3,1,4,0.033736
58,3,2,4,0.033736
58,3,3,4,0.033736
58,3,4,4,0.033736
59,0,1,1,0.428571
59,0,1,2,0.183673
59,0,2,2,0.183673
59,0,1,3,0.078717
59,0,2,3,0.078717
59,0,3,3,0.078717
59,0,1,4,0.033736
59,0,2,4,0.033736
59,0,3,4,0.033736
59,0,4,4,0.033736
59,1,1,1,0.428571
59,1,1,2,0.183673
59,1,2,2,0.183673
59,1,1,3,0.078717
59,1,2,3,0.078717
59,1,3,3,0.078717
59,1,1,4,0.033736
59,1,2,4,0.033736
59,1,3,4,0.033736
59,1,4,4,0.033736
59,2,1,1,0.428571
59,2,1,2,0.183673
59,2,2,2,0.183673
59,2,1,3,0.078717
59,2,2,3,0.078717
59,2,3,3,0.078717
59,2,1,4,0.033736
59,2,2,4,0.033736
59,2,3,4,0.033736
59,2,4,4,0.033736
59,3,1,1,0.428571
59,3,1,2,0.183673
59,3,2,2,0.183673
59,3,1,3,0.078717
59,3,2,3,0.078717
59,3,3,3,0.078717
59,3,1,4,0.033736
59,3,2,4,0.033736
59,3,3,4,0.033736
59,3,4,4,0.033736
60,0,1,1,0.428571
60,0,1,2,0.183673
60,0,2,2,0.183673
60,0,1,3,0.078717
60,0,2,3,0.078717
60,0,3,3,0.078717
60,0,1,4,0.033736
60,0,2,4,0.033736
60,0,3,4,0.033736
60,0,4,4,0.033736
60,1,1,1,0.428571
60,1,1,2,0.183673
60,1,2,2,0.183673
60,1,1,3,0.078717
60,1,2,3,0.078717
60,1,3,3,0.078717
60,1,1,4,0.033736
60,1,2,4,0.033736
60,1,3,4,0.033736
60,1,4,4,0.033736
60,2,1,1,0.428571
60,2,1,2,0.183673
60,2,2,2,0.183673
60,2,1,3,0.078717
60,2,2,3,0.078717
60,2,3,3,0.078717
60,2,1,4,0.033736
60,2,2,4,0.033736
60,2,3,4,0.033736
60,2,4,4,0.033736
60,3,1,1,0.428571
60,3,1,2,0.183673
60,3,2,2,0.183673
60,3,1,3,0.078717
60,3,2,3,0.078717
60,3,3,3,0.078717
60,3,1,4,0.033736
60,3,2,4,0.033736
60,3,3,4,0.033736
60,3,4,4,0.033736
61,0,1,1,0.428571
61,0,1,2,0.183673
61,0,2,2,0.183673
61,0,1,3,0.078717
61,0,2,3,0.078717
61,0,3,3,0.078717
61,0,1,4,0.033736
61,0,2,4,0.033736
61,0,3,4,0.033736
61,0,4,4,0.033736
61,1,1,1,0.428571
61,1,1,2,0.183673
61,1,2,2,0.183673
61,1,1,3,0.078717
61,1,2,3,0.078717
61,1,3,3,0.078717
61,1,1,4,0.033736
61,1,2,4,0.033736
61,1,3,4,0.033736
61,1,4,4,0.033736
61,2,1,1,0.428571
61,2,1,2,0.183673
61,2,2,2,0.183673
61,2,1,3,0.078717
61,2,2,3,0.078717
61,2,3,3,0.078717
61,2,1,4,0.033736
61,2,2,4,0.033736
61,2,3,4,0.033736
61,2,4,4,0.033736
61,3,1,1,0.428571
61,3,1,2,0.183673
61,3,2,2,0.183673
61,3,1,3,0.078717
61,3,2,3,0.078717
61,3,3,3,0.078717
61,3,1,4,0.033736
61,3,2,4,0.033736
61,3,3,4,0.033736
61,3,4,4,0.033736
62,0,1,1,0.428571
62,0,1,2,0.183673
62,0,2,2,0.183673
62,0,1,3,0.078717
62,0,2,3,0.078717
62,0,3,3,0.078717
62,0,1,4,0.033736
62,0,2,4,0.033736
62,0,3,4,0.033736
62,0,4,4,0.033736
62,1,1,1,0.428571
62,1,1,2,0.183673
62,1,2,2,0.183673
62,1,1,3,0.078717
62,1,2,3,0.078717
62,1,3,3,0.078717
62,1,1,4,0.033736
62,1,2,4,0.033736
62,1,3,4,0.033736
62,1,4,4,0.033736
62,2,1,1,0.428571
62,2,1,2,0.183673
62,2,2,2,0.183673
62,2,1,3,0.078717
62,2,2,3,0.078717
62,2,3,3,0.078717
62,2,1,4,0.033736
62,2,2,4,0.033736
62,2,3,4,0.033736
62,2,4,4,0.033736
62,3,1,1,0.428571
62,3,1,2,0.183673
62,3,2,2,0.183673
62,3,1,3,0.078717
62,3,2,3,0.078717
62,3,3,3,0.078717
62,3,1,4,0.033736
62,3,2,4,0.033736
62,3,3,4,0.033736
62,3,4,4,0.033736
63,0,1,1,0.428571
63,0,1,2,0.183673
63,0,2,2,0.183673
63,0,1,3,0.078717
63,0,2,3,0.078717
63,0,3,3,0.078717
63,0,1,4,0.033736
63,0,2,4,0.033736
63,0,3,4,0.033736
63,0,4,4,0.033736
63,1,1,1,0.428571
63,1,1,2,0.183673
63,1,2,2,0.183673
63,1,1,3,0.078717
63,1,2,3,0.078717
63,1,3,3,0.078717
63,1,1,4,0.033736
63,1,2,4,0.033736
63,1,3,4,0.033736
63,1,4,4,0.033736
63,2,1,1,0.428571
63,2,1,2,0.183673
63,2,2,2,0.183673
63,2,1,3,0.078717
63,2,2,3,0.078717
63,2,3,3,0.078717
63,2,1,4,0.033736
63,2,2,4,0.033736
63,2,3,4,0.033736
63,2,4,4,0.033736
63,3,1,1,0.428571
63,3,1,2,0.183673
63,3,2,2,0.183673
63,3,1,3,0.078717
63,3,2,3,0.078717
63,3,3,3,0.078717
63,3,1,4,0.033736
63,3,2,4,0.033736
63,3,3,4,0.033736
63,3,4,4,0.033736
64,0,1,1,0.428571
64,0,1,2,0.183673
64,0,2,2,0.183673
64,0,1,3,0.078717
64,0,2,3,0.078717
64,0,3,3,0.078717
64,0,1,4,0.033736
64,0,2,4,0.033736
64,0,3,4,0.033736
64,0,4,4,0.033736
64,1,1,1,0.428571
64,1,1,2,0.183673
64,1,2,2,0.183673
64,1,1,3,0.078717
64,1,2,3,0.078717
64,1,3,3,0.078717
64,1,1,4,0.033736
64,1,2,4,0.033736
64,1,3,4,0.033736
64,1,4,4,0.033736
64,2,1,1,0.428571
64,2,1,2,0.183673
64,2,2,2,0.183673
64,2,1,3,0.078717
64,2,2,3,0.078717
64,2,3,3,0.078717
64,2,1,4,0.033736
64,2,2,4,0.033736
64,2,3,4,0.033736
64,2,4,4,0.033736
64,3,1,1,0.428571
64,3,1,2,0.183673
64,3,2,2,0.183673
64,3,1,3,0.078717
64,3,2,3,0.078717
64,3,3,3,0.078717
64,3,1,4,0.033736
64,3,2,4,0.033736
64,3,3,4,0.033736
64,3,4,4,0.033736
65,0,1,1,0.428571
65,0,1,2,0.183673
65,0,2,2,0.183673
65,0,1,3,0.078717
65,0,2,3,0.078717
65,0,3,3,0.078717
65,0,1,4,0.033736
65,0,2,4,0.033736
65,0,3,4,0.033736
65,0,4,4,0.033736
65,1,1,1,0.428571
65,1,1,2,0.183673
65,1,2,2,0.183673
65,1,1,3,0.078717
65,1,2,3,0.078717
65,1,3,3,0.078717
65,1,1,4,0.033736
65,1,2,4,0.033736
65,1,3,4,0.033736
65,1,4,4,0.033736
65,2,1,1,0.428571
65,2,1,2,0.183673
65,2,2,2,0.183673
65,2,1,3,0.078717
65,2,2,3,0.078717
65,2,3,3,0.078717
65,2,1,4,0.033736
65,2,2,4,0.033736
65,2,3,4,0.033736
65,2,4,4,0.033736
65,3,1,1,0.428571
65,3,1,2,0.183673
65,3,2,2,0.183673
65,3,1,3,0.078717
65,3,2,3,0.078717
65,3,3,3,0.078717
65,3,1,4,0.033736
65,3,2,4,0.033736
65,3,3,4,0.033736
65,3,4,4,0.033736
66,0,1,1,0.428571
66,0,1,2,0.183673
66,0,2,2,0.183673
66,0,1,3,0.078717
66,0,2,3,0.078717
66,0,3,3,0.078717
66,0,1,4,0.033736
66,0,2,4,0.033736
66,0,3,4,0.033736
66,0,4,4,0.033736
66,1,1,1,0.428571
66,1,1,2,0.183673
66,1,2,2,0.183673
66,1,1,3,0.078717
66,1,2,3,0.078717
66,1,3,3,0.078717
66,1,1,4,0.033736
66,1,2,4,0.033736
66,1,3,4,0.033736
66,1,4,4,0.033736
66,2,1,1,0.428571
66,2,1,2,0.183673
66,2,2,2,0.183673
66,2,1,3,0.078717
66,2,2,3,0.078717
66,2,3,3,0.078717
66,2,1,4,0.033736
66,2,2,4,0.033736
66,2,3,4,0.033736
66,2,4,4,0.033736
66,3,1,1,0.428571
66,3,1,2,0.183673
66,3,2,2,0.183673
66,3,1,3,0.078717
66,3,2,3,0.078717
66,3,3,3,0.078717
66,3,1,4,0.033736
66,3,2,4,0.033736
66,3,3,4,0.033736
66,3,4,4,0.033736
67,0,1,1,0.428571
67,0,1,2,0.183673
67,0,2,2,0.183673
67,0,1,3,0.078717
67,0,2,3,0.078717
67,0,3,3,0.078717
67,0,1,4,0.033736
67,0,2,4,0.033736
67,0,3,4,0.033736
67,0,4,4,0.033736
67,1,1,1,0.428571
67,1,1,2,0.183673
67,1,2,2,0.183673
67,1,1,3,0.078717
67,1,2,3,0.078717
67,1,3,3,0.078717
67,1,1,4,0.033736
67,1,2,4,0.033736
67,1,3,4,0.033736
67,1,4,4,0.033736
67,2,1,1,0.428571
67,2,1,2,0.183673
67,2,2,2,0.183673
67,2,1,3,0.078717
67,2,2,3,0.078717
67,2,3,3,0.078717
67,2,1,4,0.033736
67,2,2,4,0.033736
67,2,3,4,0.033736
67,2,4,4,0.033736
67,3,1,1,0.428571
67,3,1,2,0.183673
67,3,2,2,0.183673
67,3,1,3,0.078717
67,3,2,3,0.078717
67,3,3,3,0.078717
67,3,1,4,0.033736
67,3,2,4,0.033736
67,3,3,4,0.033736
67,3,4,4,0.033736
68,0,1,1,0.428571
68,0,1,2,0.183673
68,0,2,2,0.183673
68,0,1,3,0.078717
68,0,2,3,0.078717
68,0,3,3,0.078717
68,0,1,4,0.033736
68,0,2,4,0.033736
68,0,3,4,0.033736
68,0,4,4,0.033736
68,1,1,1,0.428571
68,1,1,2,0.183673
68,1,2,2,0.183673
68,1,1,3,0.078717
68,1,2,3,0.078717
68,1,3,3,0.078717
68,1,1,4,0.033736
68,1,2,4,0.033736
68,1,3,4,0.033736
68,1,4,4,0.033736
68,2,1,1,0.428571
68,2,1,2,0.183673
68,2,2,2,0.183673
68,2,1,3,0.078717
68,2,2,3,0.078717
68,2,3,3,0.078717
68,2,1,4,0.033736
68,2,2,4,0.033736
68,2,3,4,0.033736
68,2,4,4,0.033736
68,3,1,1,0.428571
68,3,1,2,0.183673
68,3,2,2,0.183673
68,3,1,3,0.078717
68,3,2,3,0.078717
68,3,3,3,0.078717
68,3,1,4,0.033736
68,3,2,4,0.033736
68,3,3,4,0.033736
68,3,4,4,0.033736
69,0,1,1,0.428571
69,0,1,2,0.183673
69,0,2,2,0.183673
69,0,1,3,0.078717
69,0,2,3,0.078717
69,0,3,3,0.078717
69,0,1,4,0.033736
69,0,2,4,0.033736
69,0,3,4,0.033736
69,0,4,4,0.033736
69,1,1,1,0.428571
69,1,1,2,0.183673
69,1,2,2,0.183673
69,1,1,3,0.078717
69,1,2,3,0.078717
69,1,3,3,0.078717
69,1,1,4,0.033736
69,1,2,4,0.033736
69,1,3,4,0.033736
69,1,4,4,0.033736
69,2,1,1,0.428571
69,2,1,2,0.183673
69,2,2,2,0.183673
69,2,1,3,0.078717
69,2,2,3,0.078717
69,2,3,3,0.078717
69,2,1,4,0.033736
69,2,2,4,0.033736
69,2,3,4,0.033736
69,2,4,4,0.033736
69,3,1,1,0.428571
69,3,1,2,0.183673
69,3,2,2,0.183673
69,3,1,3,0.078717
69,3,2,3,0.078717
69,3,3,3,0.078717
69,3,1,4,0.033736
69,3,2,4,0.033736
69,3,3,4,0.033736
69,3,4,4,0.033736
70,0,1,1,0.428571
70,0,1,2,0.183673
70,0,2,2,0.183673
70,0,1,3,0.078717
70,0,2,3,0.078717
70,0,3,3,0.078717
70,0,1,4,0.033736
70,0,2,4,0.033736
70,0,3,4,0.033736
70,0,4,4,0.033736
70,1,1,1,0.428571
70,1,1,2,0.183673
70,1,2,2,0.183673
70,1,1,3,0.078717
70,1,2,3,0.078717
70,1,3,3,0.078717
70,1,1,4,0.033736
70,1,2,4,0.033736
70,1,3,4,0.033736
70,1,4,4,0.033736
70,2,1,1,0.428571
70,2,1,2,0.183673
70,2,2,2,0.183673
70,2,1,3,0.078717
70,2,2,3,0.078717
70,2,3,3,0.078717
70,2,1,4,0.033736
70,2,2,4,0.033736
70,2,3,4,0.033736
70,2,4,4,0.033736
70,3,1,1,0.428571
70,3,1,2,0.183673
70,3,2,2,0.183673
70,3,1,3,0.078717
70,3,2,3,0.078717
70,3,3,3,0.078717
70,3,1,4,0.033736
70,3,2,4,0.033736
70,3,3,4,0.033736
70,3,4,4,0.033736
71,0,1,1,0.428571
71,0,1,2,0.183673
71,0,2,2,0.183673
71,0,1,3,0.078717
71,0,2,3,0.078717
71,0,3,3,0.078717
71,0,1,4,0.033736
71,0,2,4,0.033736
71,0,3,4,0.033736
71,0,4,4,0.033736
71,1,1,1,0.428571
71,1,1,2,0.183673
71,1,2,2,0.183673
71,1,1,3,0.078717
71,1,2,3,0.078717
71,1,3,3,0.078717
71,1,1,4,0.033736
71,1,2,4,0.033736
71,1,3,4,0.033736
71,1,4,4,0.033736
71,2,1,1,0.428571
71,2,1,2,0.183673
71,2,2,2,0.183673
71,2,1,3,0.078717
71,2,2,3,0.078717
71,2,3,3,0.078717
71,2,1,4,0.033736
71,2,2,4,0.033736
71,2,3,4,0.033736
71,2,4,4,0.033736
71,3,1,1,0.428571
71,3,1,2,0.183673
71,3,2,2,0.183673
71,3,1,3,0.078717
71,3,2,3,0.078717
71,3,3,3,0.078717
71,3,1,4,0.033736
71,3,2,4,0.033736
71,3,3,4,0.033736
71,3,4,4,0.033736
72,0,1,1,0.428571
72,0,1,2,0.183673
72,0,2,2,0.183673
72,0,1,3,0.078717
72,0,2,3,0.078717
72,0,3,3,0.078717
72,0,1,4,0.033736
72,0,2,4,0.033736
72,0,3,4,0.033736
72,0,4,4,0.033736
72,1,1,1,0.428571
72,1,1,2,0.183673
72,1,2,2,0.183673
72,1,1,3,0.078717
72,1,2,3,0.078717
72,1,3,3,0.078717
72,1,1,4,0.033736
72,1,2,4,0.033736
72,1,3,4,0.033736
72,1,4,4,0.033736
72,2,1,1,0.428571
72,2,1,2,0.183673
72,2,2,2,0.183673
72,2,1,3,0.078717
72,2,2,3,0.078717
72,2,3,3,0.078717
72,2,1,4,0.033736
72,2,2,4,0.033736
72,2,3,4,0.033736
72,2,4,4,0.033736
72,3,1,1,0.428571
72,3,1,2,0.183673
72,3,2,2,0.183673
72,3,1,3,0.078717
72,3,2,3,0.078717
72,3,3,3,0.078717
72,3,1,4,0.033736
72,3,2,4,0.033736
72,3,3,4,0.033736
72,3,4,4,0.033736
73,0,1,1,0.428571
73,0,1,2,0.183673
73,0,2,2,0.183673
73,0,1,3,0.078717
73,0,2,3,0.078717
73,0,3,3,0.078717
73,0,1,4,0.033736
73,0,2,4,0.033736
73,0,3,4,0.033736
73,0,4,4,0.033736
73,1,1,1,0.428571
73,1,1,2,0.183673
73,1,2,2,0.183673
73,1,1,3,0.078717
73,1,2,3,0.078717
73,1,3,3,0.078717
73,1,1,4,0.033736
73,1,2,4,0.033736
73,1,3,4,0.033736
73,1,4,4,0.033736
73,2,1,1,0.428571
73,2,1,2,0.183673
73,2,2,2,0.183673
73,2,1,3,0.078717
73,2,2,3,0.078717
73,2,3,3,0.078717
73,2,1,4,0.033736
73,2,2,4,0.033736
73,2,3,4,0.033736
73,2,4,4,0.033736
73,3,1,1,0.428571
73,3,1,2,0.183673
73,3,2,2,0.183673
73,3,1,3,0.078717
73,3,2,3,0.078717
73,3,3,3,0.078717
73,3,1,4,0.033736
73,3,2,4,0.033736
73,3,3,4,0.033736
73,3,4,4,0.033736
74,0,1,1,0.428571
74,0,1,2,0.183673
74,0,2,2,0.183673
74,0,1,3,0.078717
74,0,2,3,0.078717
74,0,3,3,0.078717
74,0,1,4,0.033736
74,0,2,4,0.033736
74,0,3,4,0.033736
74,0,4,4,0.033736
74,1,1,1,0.428571
74,1,1,2,0.183673
74,1,2,2,0.183673
74,1,1,3,0.078717
74,1,2,3,0.078717
74,1,3,3,0.078717
74,1,1,4,0.033736
74,1,2,4,0.033736
74,1,3,4,0.033736
74,1,4,4,0.033736
74,2,1,1,0.428571
74,2,1,2,0.183673
74,2,2,2,0.183673
74,2,1,3,0.078717
74,2,2,3,0.078717
74,2,3,3,0.078717
74,2,1,4,0.033736
74,2,2,4,0.033736
74,2,3,4,0.033736
74,2,4,4,0.033736
74,3,1,1,0.428571
74,3,1,2,0.183673
74,3,2,2,0.183673
74,3,1,3,0.078717
74,3,2,3,0.078717
74,3,3,3,0.078717
74,3,1,4,0.033736
74,3,2,4,0.033736
74,3,3,4,0.033736
74,3,4,4,0.033736
75,0,1,1,0.428571
75,0,1,2,0.183673
75,0,2,2,0.183673
75,0,1,3,0.078717
75,0,2,3,0.078717
75,0,3,3,0.078717
75,0,1,4,0.033736
75,0,2,4,0.033736
75,0,3,4,0.033736
75,0,4,4,0.033736
75,1,1,1,0.428571
75,1,1,2,0.183673
75,1,2,2,0.183673
75,1,1,3,0.078717
75,1,2,3,0.078717
75,1,3,3,0.078717
75,1,1,4,0.033736
75,1,2,4,0.033736
75,1,3,4,0.033736
75,1,4,4,0.033736
75,2,1,1,0.428571
75,2,1,2,0.183673
75,2,2,2,0.183673
75,2,1,3,0.078717
75,2,2,3,0.078717
75,2,3,3,0.078717
75,2,1,4,0.033736
75,2,2,4,0.033736
75,2,3,4,0.033736
75,2,4,4,0.033736
75,3,1,1,0.428571
75,3,1,2,0.183673
75,3,2,2,0.183673
75,3,1,3,0.078717
75,3,2,3,0.078717
75,3,3,3,0.078717
75,3,1,4,0.033736
75,3,2,4,0.033736
75,3,3,4,0.033736
75,3,4,4,0.033736
76,0,1,1,0.428571
76,0,1,2,0.183673
76,0,2,2,0.183673
76,0,1,3,0.078717
76,0,2,3,0.078717
76,0,3,3,0.078717
76,0,1,4,0.033736
76,0,2,4,0.033736
76,0,3,4,0.033736
76,0,4,4,0.033736
76,1,1,1,0.428571
76,1,1,2,0.183673
76,1,2,2,0.183673
76,1,1,3,0.078717
76,1,2,3,0.078717
76,1,3,3,0.078717
76,1,1,4,0.033736
76,1,2,4,0.033736
76,1,3,4,0.033736
76,1,4,4,0.033736
76,2,1,1,0.428571
76,2,1,2,0.183673
76,2,2,2,0.183673
76,2,1,3,0.078717
76,2,2,3,0.078717
76,2,3,3,0.078717
76,2,1,4,0.033736
76,2,2,4,0.033736
76,2,3,4,0.033736
76,2,4,4,0.033736
76,3,1,1,0.428571
76,3,1,2,0.183673
76,3,2,2,0.183673
76,3,1,3,0.078717
76,3,2,3,0.078717
76,3,3,3,0.078717
76,3,1,4,0.033736
76,3,2,4,0.033736
76,3,3,4,0.033736
76,3,4,4,0.033736
77,0,1,1,0.428571
77,0,1,2,0.183673
77,0,2,2,0.183673
77,0,1,3,0.078717
77,0,2,3,0.078717
77,0,3,3,0.078717
77,0,1,4,0.033736
77,0,2,4,0.033736
77,0,3,4,0.033736
77,0,4,4,0.033736
77,1,1,1,0.428571
77,1,1,2,0.183673
77,1,2,2,0.183673
77,1,1,3,0.078717
77,1,2,3,0.078717
77,1,3,3,0.078717
77,1,1,4,0.033736
77,1,2,4,0.033736
77,1,3,4,0.033736
77,1,4,4,0.033736
77,2,1,1,0.428571
77,2,1,2,0.183673
77,2,2,2,0.183673
77,2,1,3,0.078717
77,2,2,3,0.078717
77,2,3,3,0.078717
77,2,1,4,0.033736
77,2,2,4,0.033736
77,2,3,4,0.033736
77,2,4,4,0.033736
77,3,1,1,0.428571
77,3,1,2,0.183673
77,3,2,2,0.183673
77,3,1,3,0.078717
77,3,2,3,0.078717
77,3,3,3,0.078717
77,3,1,4,0.033736
77,3,2,4,0.033736
77,3,3,4,0.033736
77,3,4,4,0.033736
78,0,1,1,0.428571
78,0,1,2,0.183673
78,0,2,2,0.183673
78,0,1,3,0.078717
78,0,2,3,0.078717
78,0,3,3,0.078717
78,0,1,4,0.033736
78,0,2,4,0.033736
78,0,3,4,0.033736
78,0,4,4,0.033736
78,1,1,1,0.428571
78,1,1,2,0.183673
78,1,2,2,0.183673
78,1,1,3,0.078717
78,1,2,3,0.078717
78,1,3,3,0.078717
78,1,1,4,0.033736
78,1,2,4,0.033736
78,1,3,4,0.033736
78,1,4,4,0.033736
78,2,1,1,0.428571
78,2,1,2,0.183673
78,2,2,2,0.183673
78,2,1,3,0.078717
78,2,2,3,0.078717
78,2,3,3,0.078717
78,2,1,4,0.033736
78,2,2,4,0.033736
78,2,3,4,0.033736
78,2,4,4,0.033736
78,3,1,1,0.428571
78,3,1,2,0.183673
78,3,2,2,0.183673
78,3,1,3,0.078717
78,3,2,3,0.078717
78,3,3,3,0.078717
78,3,1,4,0.033736
78,3,2,4,0.033736
78,3,3,4,0.033736
78,3,4,4,0.033736
79,0,1,1,0.428571
79,0,1,2,0.183673
79,0,2,2,0.183673
79,0,1,3,0.078717
79,0,2,3,0.078717
79,0,3,3,0.078717
79,0,1,4,0.033736
79,0,2,4,0.033736
79,0,3,4,0.033736
79,0,4,4,0.033736
79,1,1,1,0.428571
79,1,1,2,0.183673
79,1,2,2,0.183673
79,1,1,3,0.078717
79,1,2,3,0.078717
79,1,3,3,0.078717
79,1,1,4,0.033736
79,1,2,4,0.033736
79,1,3,4,0.033736
79,1,4,4,0.033736
79,2,1,1,0.428571
79,2,1,2,0.183673
79,2,2,2,0.183673
79,2,1,3,0.078717
79,2,2,3,0.078717
79,2,3,3,0.078717
79,2,1,4,0.033736
79,2,2,4,0.033736
79,2,3,4,0.033736
79,2,4,4,0.033736
79,3,1,1,0.428571
79,3,1,2,0.183673
79,3,2,2,0.183673
79,3,1,3,0.078717
79,3,2,3,0.078717
79,3,3,3,0.078717
79,3,1,4,0.033736
79,3,2,4,0.033736
79,3,3,4,0.033736
79,3,4,4,0.033736
80,0,1,1,0.428571
80,0,1,2,0.183673
80,0,2,2,0.183673
80,0,1,3,0.078717
80,0,2,3,0.078717
80,0,3,3,0.078717
80,0,1,4,0.033736
80,0,2,4,0.033736
80,0,3,4,0.033736
80,0,4,4,0.033736
80,1,1,1,0.428571
80,1,1,2,0.183673
80,1,2,2,0.183673
80,1,1,3,0.078717
80,1,2,3,0.078717
80,1,3,3,0.078717
80,1,1,4,0.033736
80,1,2,4,0.033736
80,1,3,4,0.033736
80,1,4,4,0.033736
80,2,1,1,0.428571
80,2,1,2,0.183673
80,2,2,2,0.183673
80,2,1,3,0.078717
80,2,2,3,0.078717
80,2,3,3,0.078717
80,2,1,4,0.033736
80,2,2,4,0.033736
80,2,3,4,0.033736
80,2,4,4,0.033736
80,3,1,1,0.428571
80,3,1,2,0.183673
80,3,2,2,0.183673
80,3,1,3,0.078717
80,3,2,3,0.078717
80,3,3,3,0.078717
80,3,1,4,0.033736
80,3,2,4,0.033736
80,3,3,4,0.033736
80,3,4,4,0.033736
